<?xml version="1.0" encoding="UTF-8"?>
<dataroot xmlns:od="urn:schemas-microsoft-com:officedata" xmlns:xsi="http://www.w3.org/2001/XMLSchema-instance"  xsi:noNamespaceSchemaLocation="Abilities.xsd" generated="2015-12-02T13:56:39">
<Abilities>
<ID>1</ID>
<Name>Fireball</Name>
<Path>Sprites/Attacks/Spells/Fireball/projectile</Path>
<IconPath>Sprites/Attacks/icons/Iconfireball.png</IconPath>
<TextureWidth>1</TextureWidth>
<TextureHeight>1</TextureHeight>
<HitBoxWidth>0.2</HitBoxWidth>
<HitBoxHeight>0.2</HitBoxHeight>
<HitBoxOffsetX>0</HitBoxOffsetX>
<HitBoxOffsetY>0</HitBoxOffsetY>
<AnimSpeed>0.3</AnimSpeed>
<AnimLoop>1</AnimLoop>
<Damage>10</Damage>
<Duration>2.5</Duration>
<Range>15</Range>
<Speed>6</Speed>
<Knockback>10</Knockback>
<Mana>10</Mana>
<Cooldown>2</Cooldown>
<ScaleFromCenter>0</ScaleFromCenter>
<CastAnim>CAST</CastAnim>
<Class>FIREBALL</Class>
<Description>Cast a medium speed projectile that explodes on impact, dealing a significant amount of AOE damage and knockback.</Description>
</Abilities>
<Abilities>
<ID>2</ID>
<Name>Fireball_explosion</Name>
<Path>Sprites/Attacks/Spells/Fireball/explosion</Path>
<TextureWidth>5</TextureWidth>
<TextureHeight>5</TextureHeight>
<HitBoxWidth>3.3</HitBoxWidth>
<HitBoxHeight>3.3</HitBoxHeight>
<HitBoxOffsetX>0</HitBoxOffsetX>
<HitBoxOffsetY>0</HitBoxOffsetY>
<AnimSpeed>0.075</AnimSpeed>
<AnimLoop>0</AnimLoop>
<Damage>30</Damage>
<Duration>0.525</Duration>
<Range>0</Range>
<Speed>0</Speed>
<Knockback>40</Knockback>
<Mana>0</Mana>
<Cooldown>0</Cooldown>
<ScaleFromCenter>1</ScaleFromCenter>
<CastAnim>CAST</CastAnim>
<Class>FIREBALL</Class>
</Abilities>
<Abilities>
<ID>3</ID>
<Name>Holy Missile</Name>
<Path>Sprites/Attacks/Spells/Holy_Missile/png</Path>
<IconPath>Sprites/Attacks/icons/Iconholymissile.png</IconPath>
<TextureWidth>1.5</TextureWidth>
<TextureHeight>0.6875</TextureHeight>
<HitBoxWidth>1</HitBoxWidth>
<HitBoxHeight>0.6875</HitBoxHeight>
<HitBoxOffsetX>0.25</HitBoxOffsetX>
<HitBoxOffsetY>0</HitBoxOffsetY>
<AnimSpeed>0.025</AnimSpeed>
<AnimLoop>1</AnimLoop>
<Damage>5</Damage>
<Duration>1</Duration>
<Range>8</Range>
<Speed>8</Speed>
<Knockback>15</Knockback>
<Mana>3</Mana>
<Cooldown>0.333</Cooldown>
<ScaleFromCenter>0</ScaleFromCenter>
<CastAnim>CAST</CastAnim>
<Class>HOLYMISSILE</Class>
<Description>Cast a small shard of holy energy in front of you.</Description>
</Abilities>
<Abilities>
<ID>4</ID>
<Name>Holy Fire</Name>
<Path>Sprites/Attacks/Spells/Holy_Fire/png/projectile</Path>
<IconPath>Sprites/Attacks/icons/Iconholyfire.png</IconPath>
<TextureWidth>1</TextureWidth>
<TextureHeight>1</TextureHeight>
<HitBoxWidth>0.2</HitBoxWidth>
<HitBoxHeight>0.2</HitBoxHeight>
<HitBoxOffsetX>0</HitBoxOffsetX>
<HitBoxOffsetY>0</HitBoxOffsetY>
<AnimSpeed>0.3</AnimSpeed>
<AnimLoop>1</AnimLoop>
<Damage>7</Damage>
<Duration>3</Duration>
<Range>10</Range>
<Speed>9</Speed>
<Knockback>0</Knockback>
<Mana>15</Mana>
<Cooldown>6</Cooldown>
<ScaleFromCenter>0</ScaleFromCenter>
<CastAnim>CAST</CastAnim>
<Class>HOLYFIRE</Class>
<Description>Lob a ball of energy that bursts into a pillar of Holy flame upon hitting an enemy or the ground. The flames will damage enemies over time.</Description>
</Abilities>
<Abilities>
<ID>5</ID>
<Name>Holy Fire_fire</Name>
<Path>Sprites/Attacks/Spells/Holy_Fire/png/fire</Path>
<TextureWidth>2.5625</TextureWidth>
<TextureHeight>2.78125</TextureHeight>
<HitBoxWidth>2.5</HitBoxWidth>
<HitBoxHeight>2.7</HitBoxHeight>
<HitBoxOffsetX>0</HitBoxOffsetX>
<HitBoxOffsetY>0</HitBoxOffsetY>
<AnimSpeed>0.075</AnimSpeed>
<AnimLoop>1</AnimLoop>
<Damage>3</Damage>
<Duration>5</Duration>
<Range>0</Range>
<Speed>0.4</Speed>
<Knockback>8</Knockback>
<Mana>0</Mana>
<Cooldown>0</Cooldown>
<ScaleFromCenter>0</ScaleFromCenter>
<CastAnim>CAST</CastAnim>
<Class>HOLYFIRE</Class>
</Abilities>
<Abilities>
<ID>6</ID>
<Name>Fire Bolt</Name>
<Path>Sprites/Attacks/Spells/Fireball/projectile</Path>
<TextureWidth>1</TextureWidth>
<TextureHeight>0.333</TextureHeight>
<HitBoxWidth>0.8</HitBoxWidth>
<HitBoxHeight>0.2</HitBoxHeight>
<HitBoxOffsetX>0</HitBoxOffsetX>
<HitBoxOffsetY>0</HitBoxOffsetY>
<AnimSpeed>0.3</AnimSpeed>
<AnimLoop>0</AnimLoop>
<Damage>8</Damage>
<Duration>1</Duration>
<Range>9</Range>
<Speed>9</Speed>
<Knockback>12</Knockback>
<Mana>5</Mana>
<Cooldown>0.4</Cooldown>
<ScaleFromCenter>0</ScaleFromCenter>
<CastAnim>CAST</CastAnim>
<Class>HOLYMISSILE</Class>
</Abilities>
<Abilities>
<ID>7</ID>
<Name>Slash</Name>
<Path>Sprites/Characters/Enemy/Sheep/ANIM_DEATH/</Path>
<IconPath>Sprites/Attacks/icons/Iconslash.png</IconPath>
<TextureWidth>0</TextureWidth>
<TextureHeight>0</TextureHeight>
<HitBoxWidth>0.8</HitBoxWidth>
<HitBoxHeight>0.95</HitBoxHeight>
<HitBoxOffsetX>0</HitBoxOffsetX>
<HitBoxOffsetY>0</HitBoxOffsetY>
<AnimSpeed>0.3</AnimSpeed>
<AnimLoop>1</AnimLoop>
<Damage>5</Damage>
<Duration>0.05</Duration>
<Range>1</Range>
<Speed>0</Speed>
<Knockback>15</Knockback>
<Mana>0</Mana>
<Cooldown>0.333</Cooldown>
<ScaleFromCenter>0</ScaleFromCenter>
<CastAnim>SLASH</CastAnim>
<Class>SLASH</Class>
<Description>Slash your sword in front of you dealing damage to anything that is directly in front of you.</Description>
</Abilities>
<Abilities>
<ID>8</ID>
<Name>Ogre_Smash</Name>
<Path>Sprites/Characters/Enemy/Sheep/ANIM_DEATH/</Path>
<TextureWidth>0</TextureWidth>
<TextureHeight>0</TextureHeight>
<HitBoxWidth>0.8</HitBoxWidth>
<HitBoxHeight>2.8</HitBoxHeight>
<HitBoxOffsetX>0</HitBoxOffsetX>
<HitBoxOffsetY>0</HitBoxOffsetY>
<AnimSpeed>0.3</AnimSpeed>
<AnimLoop>1</AnimLoop>
<Damage>20</Damage>
<Duration>0.05</Duration>
<Range>1</Range>
<Speed>0</Speed>
<Knockback>60</Knockback>
<Mana>0</Mana>
<Cooldown>1</Cooldown>
<ScaleFromCenter>0</ScaleFromCenter>
<CastAnim>SLASH</CastAnim>
<Class>SLASH</Class>
<Description>SHAMASH MADRASH!!!!</Description>
</Abilities>
<Abilities>
<ID>9</ID>
<Name>Heal</Name>
<Path>Sprites/Characters/Enemy/Sheep/ANIM_DEATH/</Path>
<IconPath>Sprites/Attacks/icons/Iconheal.png</IconPath>
<TextureWidth>0.025</TextureWidth>
<TextureHeight>0.025</TextureHeight>
<HitBoxWidth>0</HitBoxWidth>
<HitBoxHeight>0</HitBoxHeight>
<HitBoxOffsetX>0</HitBoxOffsetX>
<HitBoxOffsetY>0</HitBoxOffsetY>
<AnimSpeed>0.1</AnimSpeed>
<AnimLoop>1</AnimLoop>
<Damage>25</Damage>
<Duration>1</Duration>
<Range>0</Range>
<Speed>0</Speed>
<Knockback>0</Knockback>
<Mana>40</Mana>
<Cooldown>20</Cooldown>
<ScaleFromCenter>0</ScaleFromCenter>
<CastAnim>CAST</CastAnim>
<Class>HEAL</Class>
<Description>Recover 25% of your max health over 1 second.</Description>
</Abilities>
</dataroot>
