<?xml version="1.0" encoding="UTF-8"?>
<dataroot xmlns:od="urn:schemas-microsoft-com:officedata" xmlns:xsi="http://www.w3.org/2001/XMLSchema-instance"  xsi:noNamespaceSchemaLocation="Enemy.xsd" generated="2015-12-11T03:17:59">
<Enemy>
<ID>1</ID>
<Name>Sheep</Name>
<Path>Sprites/Characters/Enemy/Sheep/</Path>
<TextureWidth>1</TextureWidth>
<TextureHeight>1</TextureHeight>
<HitBoxWidth>0.95</HitBoxWidth>
<HitBoxHeight>0.6</HitBoxHeight>
<HitBoxOffsetX>0.025</HitBoxOffsetX>
<HitBoxOffsetY>-0.2</HitBoxOffsetY>
<AttackMultiplier>0.4</AttackMultiplier>
<HP>10</HP>
<Speed>4</Speed>
<Sight>4</Sight>
<Hearing>1</Hearing>
<EXP>5</EXP>
<MassDensity>10</MassDensity>
<Strength>80</Strength>
<JumpStrength>40</JumpStrength>
<Courage>2</Courage>
<AI>melee</AI>
<AI_Flags>roam, peaceful</AI_Flags>
<Abilities>null</Abilities>
<HitSounds>(sheep_hit_1.adpcm, .14); (sheep_hit_2.adpcm, .14); (sheep_hit_3.adpcm, .14); (sheep_hit_4.adpcm, .14); (sheep_hit_5.adpcm, .14); (sheep_hit_6.adpcm, .14); (sheep_hit_7.adpcm, .14);</HitSounds>
</Enemy>
<Enemy>
<ID>2</ID>
<Name>Fire Skeleton</Name>
<Path>Sprites/Characters/Enemy/Skeleton/</Path>
<TextureWidth>2</TextureWidth>
<TextureHeight>2</TextureHeight>
<HitBoxWidth>0.6</HitBoxWidth>
<HitBoxHeight>1.3</HitBoxHeight>
<HitBoxOffsetX>-0.7</HitBoxOffsetX>
<HitBoxOffsetY>-0.4</HitBoxOffsetY>
<AttackMultiplier>1</AttackMultiplier>
<HP>25</HP>
<Speed>4</Speed>
<Sight>8</Sight>
<Hearing>4</Hearing>
<EXP>25</EXP>
<MassDensity>10</MassDensity>
<Strength>80</Strength>
<JumpStrength>60</JumpStrength>
<Courage>29</Courage>
<AI>melee</AI>
<AI_Flags>null</AI_Flags>
<Abilities>(7, 0, .75, .8); (6, 0, 1.5 , .2)</Abilities>
<HitSounds>(skele_hit_1.adpcm, .25); (skele_hit_2.adpcm, .25); (skele_hit_3.adpcm, .25); (skele_hit_4.adpcm, .25);</HitSounds>
</Enemy>
<Enemy>
<ID>3</ID>
<Name>Fire Mage</Name>
<Path>Sprites/Characters/Enemy/Wizard/</Path>
<TextureWidth>1</TextureWidth>
<TextureHeight>1.5</TextureHeight>
<HitBoxWidth>0.9</HitBoxWidth>
<HitBoxHeight>1.45</HitBoxHeight>
<HitBoxOffsetX>0</HitBoxOffsetX>
<HitBoxOffsetY>0</HitBoxOffsetY>
<AttackMultiplier>0.9</AttackMultiplier>
<HP>35</HP>
<Speed>3</Speed>
<Sight>10</Sight>
<Hearing>6</Hearing>
<EXP>35</EXP>
<MassDensity>8</MassDensity>
<Strength>60</Strength>
<JumpStrength>35</JumpStrength>
<Courage>12</Courage>
<AI>mage</AI>
<AI_Flags>null</AI_Flags>
<Abilities>(6, 0, .667, .85); (1, 0, 3, .15)</Abilities>
</Enemy>
<Enemy>
<ID>4</ID>
<Name>Ogre</Name>
<Path>Sprites/Characters/Enemy/Orc/</Path>
<TextureWidth>3</TextureWidth>
<TextureHeight>3</TextureHeight>
<HitBoxWidth>1.75</HitBoxWidth>
<HitBoxHeight>2.9</HitBoxHeight>
<HitBoxOffsetX>-0.4</HitBoxOffsetX>
<HitBoxOffsetY>0</HitBoxOffsetY>
<AttackMultiplier>1</AttackMultiplier>
<HP>150</HP>
<Speed>3</Speed>
<Sight>10</Sight>
<Hearing>7</Hearing>
<EXP>150</EXP>
<MassDensity>10</MassDensity>
<Strength>160</Strength>
<JumpStrength>350</JumpStrength>
<Courage>28</Courage>
<AI>melee</AI>
<AI_Flags>null</AI_Flags>
<Abilities>(8, 0, 1, 1)</Abilities>
<HitSounds>(Ogre_ow_1.adpcm, .333); (Ogre_ow_2.adpcm, .333); (Ogre_ow_3.adpcm, .334)</HitSounds>
</Enemy>
<Enemy>
<ID>5</ID>
<Name>Kid</Name>
<Path>Sprites/Characters/NPC/Kid</Path>
<TextureWidth>1</TextureWidth>
<TextureHeight>1.5</TextureHeight>
<HitBoxWidth>0.7</HitBoxWidth>
<HitBoxHeight>1.4</HitBoxHeight>
<HitBoxOffsetX>-0.15</HitBoxOffsetX>
<HitBoxOffsetY>-0.05</HitBoxOffsetY>
<AttackMultiplier>1</AttackMultiplier>
<HP>20</HP>
<Speed>3.5</Speed>
<Sight>4</Sight>
<Hearing>4</Hearing>
<EXP>10</EXP>
<MassDensity>10</MassDensity>
<Strength>80</Strength>
<JumpStrength>50</JumpStrength>
<Courage>5</Courage>
<AI>ranged</AI>
<AI_Flags>peaceful</AI_Flags>
</Enemy>
<Enemy>
<ID>6</ID>
<Name>Sebastian</Name>
<Path>Sprites/Characters/Enemy/Wizard/</Path>
<TextureWidth>1.4</TextureWidth>
<TextureHeight>1.9</TextureHeight>
<HitBoxWidth>1.25</HitBoxWidth>
<HitBoxHeight>1.8</HitBoxHeight>
<HitBoxOffsetX>0</HitBoxOffsetX>
<HitBoxOffsetY>0</HitBoxOffsetY>
<AttackMultiplier>1.1</AttackMultiplier>
<HP>50</HP>
<Speed>3</Speed>
<Sight>12</Sight>
<Hearing>8</Hearing>
<EXP>70</EXP>
<MassDensity>8</MassDensity>
<Strength>65</Strength>
<JumpStrength>40</JumpStrength>
<Courage>18</Courage>
<AI>mage</AI>
<AI_Flags>null</AI_Flags>
<Abilities>(6, 0, .667, .8); (1, 0, 3, .2)</Abilities>
</Enemy>
</dataroot>
